City ID,City Name,Country,City Latitude,City Longitude,City Temperature,City Max Temperature,City Humidity,City Cloudiness,City Wind Speed
3450909,Rondonópolis,BR,-16.4708,-54.6356,92.28,92.28,23,100,5.17
1650232,Banjar,ID,-8.19,114.9675,80.6,80.6,94,20,6.91
4020109,Atuona,PF,-9.8,-139.0333,78.64,78.64,75,27,7.23
1154689,Ko Samui,TH,9.5357,99.9357,83.46,83.46,71,100,3.89
770425,Janów Lubelski,PL,50.707,22.4104,60.98,63.0,64,100,5.99
4030556,Rikitea,PF,-23.1203,-134.9692,75.61,75.61,68,93,11.16
4032243,Vaini,TO,-21.2,-175.2,77.0,77.0,94,75,5.75
3366880,Hermanus,ZA,-34.4187,19.2345,64.0,64.0,62,83,1.99
1162634,Wana,PK,32.2989,69.5725,65.52,65.52,57,99,13.78
3204121,Biograd na Moru,HR,43.9433,15.4519,65.7,66.99,68,40,13.8
1018725,Bloemfontein,ZA,-29.1211,26.214,62.6,62.6,67,90,4.61
1006984,East London,ZA,-33.0153,27.9116,60.8,60.8,94,20,10.36
4031574,Provideniya,RU,64.3833,-173.3,29.46,29.46,70,100,3.38
3833367,Ushuaia,AR,-54.8,-68.3,41.0,41.0,65,40,9.22
556268,Ostrovnoy,RU,68.0531,39.5131,25.27,25.27,80,33,9.91
2171099,Codrington,AU,-38.2667,141.9667,53.82,53.82,92,26,5.19
2074865,Carnarvon,AU,-24.8667,113.6333,71.6,71.6,88,20,10.36
5563839,Fortuna,US,40.5982,-124.1573,44.6,44.6,100,90,3.8
6074882,Minnedosa,CA,50.2453,-99.8436,46.4,46.4,61,20,14.97
3899695,Ancud,CL,-41.8697,-73.8203,59.5,62.01,94,75,14.97
5546220,Saint George,US,37.1041,-113.5841,66.24,68.0,27,1,3.44
336454,Ginir,ET,7.1333,40.7,60.6,60.6,85,89,3.87
4817641,Parkersburg,US,39.2667,-81.5615,67.41,68.0,88,90,9.22
2112309,Katsuura,JP,35.1333,140.3,64.51,64.99,88,75,17.27
6620339,Karratha,AU,-20.7377,116.8463,80.65,80.65,49,0,6.22
1519422,Semey,KZ,50.4111,80.2275,66.02,66.02,62,100,13.38
6165406,Thompson,CA,55.7435,-97.8558,28.4,28.4,50,20,13.8
2738381,Lata,PT,40.1629,-8.3327,60.78,62.01,55,20,12.66
6201424,Mataura,NZ,-46.1927,168.8643,51.01,51.01,96,100,3.0
2139521,Noumea,NC,-22.2763,166.4572,71.08,73.99,82,90,1.14
5122534,Jamestown,US,42.097,-79.2353,58.75,60.01,100,90,14.97
1499428,Mamontovo,RU,52.7055,81.6244,55.22,55.22,91,100,3.83
1507390,Dikson,RU,73.5069,80.5464,2.75,2.75,99,32,6.08
2110227,Butaritari,KI,3.0707,172.7902,82.83,82.83,77,100,16.11
3386213,Touros,BR,-5.1989,-35.4608,86.0,86.0,66,40,10.36
5848280,Kapaa,US,22.0752,-159.319,66.45,69.8,83,90,5.75
2170581,Coolum Beach,AU,-26.5333,153.1,62.78,64.99,98,60,1.01
3430863,Mar del Plata,AR,-38.0023,-57.5575,73.4,73.4,60,0,6.91
2240449,Luanda,AO,-8.8368,13.2343,86.0,86.0,70,20,12.66
1992517,Baoning,CN,25.3378,110.026,64.4,64.4,88,0,2.24
3874787,Punta Arenas,CL,-53.15,-70.9167,39.09,39.2,81,0,8.05
3421982,Maniitsoq,GL,65.4167,-52.9,36.46,36.46,79,100,6.64
3361934,Saldanha,ZA,-33.0117,17.9442,66.2,66.2,52,0,19.57
5563397,Eureka,US,40.8021,-124.1637,45.52,46.4,100,90,3.44
1651810,Airai,TL,-8.9266,125.4092,59.61,59.61,91,91,1.88
3831208,Qaanaaq,GL,77.484,-69.3632,24.4,24.4,71,22,8.72
3372964,Lagoa,PT,39.05,-27.9833,58.15,58.15,65,79,13.56
2013921,Ust-Kuyga,RU,70.0167,135.6,9.18,9.18,99,38,1.57
2156643,Mount Gambier,AU,-37.8333,140.7667,48.2,48.2,100,90,3.8
468983,Yarensk,RU,62.1675,49.0916,35.64,35.64,49,99,4.07
964432,Port Alfred,ZA,-33.5906,26.891,65.35,65.35,76,99,16.87
1217662,Romitan,UZ,39.9343,64.3814,87.8,87.8,19,0,18.41
3696183,Iquitos,PE,-3.7481,-73.2472,75.2,75.2,94,75,11.5
1015776,Bredasdorp,ZA,-34.5322,20.0403,62.6,62.6,59,100,6.91
3421765,Nanortalik,GL,60.1432,-45.2371,38.79,38.79,78,14,5.5
5880054,Barrow,US,71.2906,-156.7887,19.4,19.4,86,90,10.36
2159220,Mackay,AU,-21.15,149.2,68.29,69.8,83,90,10.36
3929493,San Juan Bautista,PE,-14.0108,-75.7358,66.88,69.01,94,75,9.22
3943626,Chivay,PE,-15.6383,-71.6011,56.32,56.32,33,4,2.1
2180815,Tuatapere,NZ,-46.1333,167.6833,51.01,51.01,96,98,4.0
2071860,Esperance,AU,-33.8667,121.9,66.2,66.2,82,100,5.75
3115824,Muros,ES,42.7762,-9.0603,59.79,61.0,50,53,12.84
736987,Afytos,GR,40.1,23.4333,68.38,70.0,85,57,1.01
2274275,Robertsport,LR,6.7533,-11.3686,83.64,83.64,68,100,8.12
3421319,Nuuk,GL,64.1835,-51.7216,30.2,30.2,100,90,4.61
2108502,Honiara,SB,-9.4333,159.95,75.72,75.72,84,86,3.2
3883457,Lebu,CL,-37.6167,-73.65,60.94,60.94,72,100,2.77
3981391,Tomatlán,MX,19.9333,-105.25,86.07,86.07,50,4,4.12
1792916,Tianpeng,CN,30.9866,103.9393,70.0,70.0,1,33,3.89
3461888,Guarapari,BR,-20.6667,-40.4975,80.28,80.6,65,40,9.22
239899,Bria,CF,6.5423,21.9863,77.04,77.04,74,99,3.6
4499379,Wilmington,US,34.2257,-77.9447,80.13,81.0,57,20,14.97
3393536,Olinda,BR,-8.0089,-34.8553,82.4,82.4,69,40,14.97
3381428,Iracoubo,GF,5.4802,-53.2011,78.22,78.22,81,98,4.72
1636308,Manokwari,ID,-0.8667,134.0833,78.28,78.28,79,100,4.99
87205,Darnah,LY,32.767,22.6367,74.39,74.39,46,66,15.99
5983720,Iqaluit,CA,63.7506,-68.5145,32.0,32.0,93,90,13.8
3665380,Alvarães,BR,-3.2208,-64.8042,82.4,82.4,89,75,5.75
6255012,Flinders,AU,-34.5833,150.8552,55.56,55.99,86,1,1.01
5847411,Kahului,US,20.8947,-156.47,67.93,71.6,100,75,6.91
2142316,Yeppoon,AU,-23.1333,150.7333,68.0,68.0,77,90,8.05
3945985,Camaná,PE,-16.6228,-72.7111,70.95,70.95,73,44,10.49
1726449,Basco,PH,20.4487,121.9702,77.47,77.47,80,19,9.17
5924351,Clyde River,CA,70.4692,-68.5914,24.8,24.8,93,90,4.61
2136825,Isangel,VU,-19.55,169.2667,68.0,68.0,94,40,13.09
3402648,Carutapera,BR,-1.195,-46.02,84.92,84.92,68,57,4.72
3372472,Vila Franca do Campo,PT,37.7167,-25.4333,62.6,62.6,63,40,14.97
2155562,Nelson Bay,AU,-32.7167,152.15,53.02,54.0,93,8,2.3
2630299,Hofn,IS,64.2539,-15.2082,41.0,41.0,60,40,9.22
2022572,Khatanga,RU,71.9667,102.5,30.76,30.76,92,100,11.86
2126199,Cherskiy,RU,68.75,161.3,5.47,5.47,97,94,3.13
964420,Port Elizabeth,ZA,-33.918,25.5701,60.8,60.8,94,90,11.5
2514651,Los Llanos de Aridane,ES,28.6585,-17.9182,63.75,68.0,83,75,4.61
3466704,Castro,BR,-24.7911,-50.0119,67.73,67.73,48,2,7.47
293842,Kiryat Gat,IL,31.61,34.7642,77.63,81.0,52,4,1.01
3893629,Coquimbo,CL,-29.9533,-71.3436,57.2,57.2,88,90,2.3
5793822,Enumclaw,US,47.2043,-121.9915,54.27,57.0,88,100,2.26
778707,Mehamn,NO,71.0357,27.8492,32.0,32.0,86,75,6.91
3470324,Batatais,BR,-20.8911,-47.585,77.0,77.0,50,20,9.22
151711,Ngara,TZ,-2.5122,30.6558,59.99,59.99,92,100,1.39
2014927,Tulun,RU,54.5611,100.5792,33.39,33.39,92,100,5.35
3652764,Puerto Ayora,EC,-0.7393,-90.3518,80.6,80.6,74,40,12.66
5855927,Hilo,US,19.7297,-155.09,66.15,71.6,78,90,3.44
1927639,Yueyang,CN,29.3333,113.0919,66.24,66.24,80,0,9.89
5106841,Albany,US,42.6001,-73.9662,56.48,57.99,89,100,1.05
3464008,Esmeraldas,BR,-19.7625,-44.3139,78.21,80.6,47,40,6.91
1501000,Kyshtovka,RU,56.555,76.6271,42.73,42.73,81,79,5.88
889191,Karoi,ZW,-16.8099,29.6925,69.24,69.24,58,12,5.28
2075265,Busselton,AU,-33.65,115.3333,51.76,53.01,97,90,14.38
546105,Nikolskoye,RU,59.7035,30.7861,44.51,46.0,33,20,6.71
780687,Berlevåg,NO,70.8578,29.0864,28.87,30.2,93,90,16.11
2156927,Moree,AU,-29.4667,149.85,55.4,55.4,82,87,10.36
3665199,Ariquemes,BR,-9.9133,-63.0408,83.52,83.52,60,95,5.95
3416888,Grindavik,IS,63.8424,-22.4338,42.8,42.8,61,75,11.5
2440371,Ouallam,NE,14.3188,2.0866,108.05,108.05,9,1,8.41
3374083,Bathsheba,BB,13.2167,-59.5167,80.6,80.6,61,20,13.8
359783,Assiut,EG,27.181,31.1837,98.6,98.6,12,0,11.5
3369157,Cape Town,ZA,-33.9258,18.4232,62.83,64.99,52,20,18.41
2122090,Pevek,RU,69.7008,170.3133,19.51,19.51,95,100,9.08
686090,Asău,RO,46.4333,26.4,59.0,59.0,49,76,2.53
3456137,Nova Olímpia,BR,-14.7972,-57.2881,80.1,80.1,51,100,6.13
72181,Marzuq,YE,14.4,46.4667,73.87,73.87,68,96,7.05
2650752,Dundee,GB,56.5,-2.9667,47.89,51.01,61,40,2.3
2126123,Chokurdakh,RU,70.6333,147.9167,0.93,0.93,100,91,4.0
2127060,Arman',RU,59.7,150.1667,27.48,27.48,89,9,5.32
2194098,Ahipara,NZ,-35.1667,173.1667,53.22,53.22,85,0,5.23
1106677,Bambous Virieux,MU,-20.3428,57.7575,76.06,77.0,94,75,11.5
1244926,Hambantota,LK,6.1241,81.1185,81.21,81.21,80,100,9.69
3471451,Arraial do Cabo,BR,-22.9661,-42.0278,75.2,75.2,78,75,8.05
1484943,Zverinogolovskoye,RU,54.4586,64.8542,47.35,47.35,50,16,7.85
2015306,Tiksi,RU,71.6872,128.8694,15.91,15.91,96,45,7.23
1852357,Shimoda,JP,34.6667,138.95,63.0,66.99,71,100,7.0
878141,Madimba,TZ,-10.4,40.3333,77.74,77.74,87,21,7.65
6170031,Tuktoyaktuk,CA,69.4541,-133.0374,15.8,15.8,73,20,11.5
1516048,Khovd,MN,48.0056,91.6419,60.49,60.49,28,17,6.08
5697939,North Platte,US,41.1239,-100.7654,63.66,64.0,39,1,18.41
2155415,New Norfolk,AU,-42.7826,147.0587,52.09,54.0,91,29,1.28
2311127,Tshela,CD,-4.9833,12.9333,81.25,81.25,89,56,2.39
935215,Saint-Philippe,RE,-21.3585,55.7679,71.35,75.2,83,0,4.61
3587498,Acajutla,SV,13.5928,-89.8275,78.8,78.8,73,20,2.3
1082243,Ambilobe,MG,-13.2,49.05,77.14,77.14,85,19,1.12
986717,Kruisfontein,ZA,-34.0033,24.7314,55.99,55.99,93,100,1.01
453850,Zilupe,LV,56.3862,28.1217,49.6,49.6,71,100,3.76
2084442,Vanimo,PG,-2.6741,141.3028,78.31,78.31,87,99,6.42
1253237,Verāval,IN,20.9,70.3667,82.29,82.29,79,98,9.78
2012530,Zhigansk,RU,66.7697,123.3711,30.54,30.54,87,100,4.68
10722858,Forsytheganj,BY,52.6333,29.7333,52.39,52.39,63,100,10.56
3354077,Opuwo,NA,-18.0607,13.84,83.41,83.41,29,17,13.96
1507679,Chulym,RU,55.0997,80.9572,51.44,51.44,84,100,14.83
2355404,Solenzo,BF,12.1833,-4.0833,104.36,104.36,15,55,10.42
2122614,Okha,RU,53.5739,142.9478,25.61,25.61,93,64,6.49
2303611,Esim,GH,4.8699,-2.2405,84.04,84.04,72,100,9.1
1510377,Belyy Yar,RU,53.6039,91.3903,53.6,53.6,40,0,6.71
2400547,Gamba,GA,-2.65,10.0,82.26,82.26,77,54,6.31
3981432,Todos Santos,MX,23.45,-110.2167,70.0,70.0,57,0,1.01
1490256,Talnakh,RU,69.4865,88.3972,29.86,29.86,99,100,3.0
4723422,Rockport,US,28.0206,-97.0544,76.87,78.8,88,90,14.97
3855075,General Pico,AR,-35.6566,-63.7568,70.47,70.47,58,0,16.13
1282256,Hithadhoo,MV,-0.6,73.0833,84.0,84.0,68,35,7.83
3125287,Cervo,ES,43.6702,-7.4101,55.0,55.0,65,100,13.0
3985710,Cabo San Lucas,MX,22.8909,-109.9124,72.37,77.0,55,1,3.44
3453741,Pinheiro Machado,BR,-31.5783,-53.3811,70.0,70.0,52,0,2.48
2191562,Dunedin,NZ,-45.8742,170.5036,53.01,53.01,87,100,5.7
523392,Naryan-Mar,RU,67.6713,53.087,28.31,28.31,80,52,7.49
2701713,Karlskrona,SE,56.1616,15.5866,50.0,50.0,62,0,13.8
6160362,Swan River,CA,52.1058,-101.2676,37.4,37.4,48,39,9.22
1268814,Joshīmath,IN,30.5667,79.5667,58.03,58.03,69,99,6.8
5808079,Redmond,US,47.674,-122.1215,53.42,55.99,88,100,1.61
2206939,Bluff,NZ,-46.6,168.3333,51.01,51.01,96,100,3.0
2165478,Gladstone,AU,-23.85,151.25,69.8,69.8,73,88,5.75
567047,Darovskoy,RU,58.77,47.9564,37.65,37.65,58,79,4.05
5780557,Riverton,US,40.5219,-111.9391,57.92,61.0,58,1,3.44
777019,Vardø,NO,70.3705,31.1107,28.4,28.4,93,90,17.27
3418910,Upernavik,GL,72.7868,-56.1549,31.96,31.96,64,37,3.98
4036284,Alofi,NU,-19.0595,-169.9187,75.2,75.2,100,100,2.84
6089245,Norman Wells,CA,65.282,-126.8329,28.4,28.4,59,75,13.8
1235846,Matara,LK,5.9485,80.5353,79.07,79.07,87,91,6.15
370737,Malakal,SS,9.5334,31.6605,80.69,80.69,57,100,1.59
2439812,Say,NE,13.1007,2.3689,109.4,109.4,8,20,6.91
1495626,Pangody,RU,65.85,74.4859,31.28,31.28,92,100,10.54
931865,Balaka,MW,-14.9793,34.9558,70.47,70.47,89,11,3.15
4035715,Avarua,CK,-21.2078,-159.775,78.8,78.8,89,40,6.91
1328421,Pathein,MM,16.7833,94.7333,81.32,81.32,75,58,5.1
5367929,Long Beach,US,33.767,-118.1892,68.54,71.01,72,1,0.58
2112802,Hasaki,JP,35.7333,140.8333,64.15,64.4,100,75,13.8
3465373,Correntina,BR,-13.3433,-44.6367,88.43,88.43,39,66,5.93
1786538,Yining,CN,29.0361,114.5636,62.64,62.64,88,0,3.83
3893726,Constitución,CL,-35.3333,-72.4167,64.58,64.58,54,92,3.74
1277008,Barela,IN,23.1,80.05,94.21,94.21,7,3,3.04
3372707,Ribeira Grande,PT,38.5167,-28.7,64.4,64.4,52,40,10.36
3079174,Bochov,CZ,50.1487,13.0523,54.52,55.4,47,40,9.22
5711847,Astoria,US,46.1879,-123.8313,51.17,52.0,93,90,2.42
5742974,North Bend,US,43.4065,-124.2243,48.94,50.0,93,90,3.44
1784554,Zhicheng,CN,30.2956,111.5047,70.0,70.0,72,0,6.11
1586443,Ca Mau,VN,9.1769,105.15,81.46,81.46,78,86,5.99
4946620,Palmer,US,42.1584,-72.3287,59.2,62.01,94,90,5.61
265711,Adamantas,GR,36.7333,24.4333,71.6,71.6,49,40,2.3
2063042,Port Hedland,AU,-20.3167,118.5667,71.6,71.6,73,0,3.44
1626542,Sorong,ID,-0.8833,131.25,78.17,78.17,86,100,4.92
4034551,Faanui,PF,-16.4833,-151.75,81.41,81.41,70,55,7.27
5359864,Isla Vista,US,34.4133,-119.861,62.56,73.99,72,1,3.44
3407882,Altamira,BR,-3.2033,-52.2064,86.0,86.0,74,75,4.61
2038067,Chifeng,CN,42.2683,118.9636,38.66,38.66,24,2,2.75
2301217,Ejura,GH,7.3856,-1.3562,95.2,95.2,37,79,7.96
4033543,Teahupoo,PF,-17.8333,-149.2667,75.2,75.2,88,0,4.61
2643490,Lowestoft,GB,52.4752,1.7516,50.7,52.0,55,7,5.01
779554,Honningsvåg,NO,70.9821,25.9704,32.0,32.0,86,75,18.41
153423,Mlalo,TZ,-4.9333,38.9333,74.55,74.55,92,47,6.08
3520994,Puerto Escondido,MX,15.85,-97.0667,84.2,84.2,79,40,6.91
2017155,Saskylakh,RU,71.9167,114.0833,32.54,32.54,90,100,15.35
1637001,Biak,ID,-0.9131,122.8766,77.0,77.0,79,96,1.95
2023584,Imeni Poliny Osipenko,RU,52.4201,136.4853,30.51,30.51,97,100,14.43
2020838,Lensk,RU,60.7253,114.9278,25.18,25.18,93,100,3.94
3533462,Acapulco de Juárez,MX,16.8634,-99.8901,82.4,82.4,69,40,6.91
3840300,Presidencia Roque Sáenz Peña,AR,-26.7852,-60.4388,71.01,71.01,53,0,1.99
3380290,Sinnamary,GF,5.3833,-52.95,80.44,80.44,75,91,5.64
2108857,Gizo Government Station,SB,-8.103,156.8419,81.61,81.61,72,87,4.21
2163355,Hobart,AU,-42.8794,147.3294,53.55,54.0,94,90,1.14
1648186,Bontang,ID,0.1333,117.5,81.7,81.7,75,70,5.19
1804430,Lanzhou,CN,36.0564,103.7922,57.2,57.2,35,25,4.47
5746545,Portland,US,45.5234,-122.6762,56.28,59.0,76,75,1.01
3424607,Tasiilaq,GL,65.6145,-37.6368,32.0,32.0,93,90,4.61
3470709,Barra do Garças,BR,-15.89,-52.2567,86.0,86.0,30,0,11.5
3374210,São Filipe,CV,14.8961,-24.4956,72.55,72.55,78,59,9.64
4513583,Hamilton,US,39.1834,-84.5333,67.44,68.0,88,90,12.66
2377457,Nouadhibou,MR,20.931,-17.0347,73.4,73.4,68,0,20.71
2281120,Tabou,CI,4.423,-7.3528,84.24,84.24,70,100,8.32
1582886,Kwang Binh,VN,17.4833,106.6,72.0,72.0,86,100,3.02
1709108,Katubao,PH,5.8892,124.8294,80.62,80.62,82,78,1.54
5882953,Aklavik,CA,68.2191,-135.0107,23.85,24.8,58,89,9.22
3358416,Bethanien,NA,-26.502,17.1583,66.04,66.04,37,84,16.33
2121385,Severo-Kuril'sk,RU,50.6789,156.125,34.65,34.65,89,83,7.23
2016910,Severobaykal'sk,RU,55.65,109.3167,22.08,22.08,76,5,5.86
3577430,Road Town,VG,18.4167,-64.6167,83.46,84.2,65,40,11.5
1510689,Baykit,RU,61.67,96.37,30.4,30.4,94,90,3.36
1735634,Kuching,MY,1.55,110.3333,77.0,77.0,100,40,3.6
1714733,Dingle,PH,10.9995,122.6711,78.35,78.35,77,58,2.64
1797417,Qiyang,CN,26.5911,111.8474,65.44,65.44,75,0,4.03
7671223,Kloulklubed,PW,7.0419,134.2556,77.0,77.0,94,75,3.44
342567,Bedelē,ET,8.456,36.353,58.62,58.62,89,91,3.2
1255816,Sompeta,IN,18.9333,84.6,80.42,80.42,76,88,11.05
2516507,Huéscar,ES,37.811,-2.5412,63.03,64.99,48,97,4.0
5392171,San Jose,US,37.3394,-121.895,62.64,66.99,62,75,0.96
1214488,Meulaboh,ID,4.1363,96.1285,78.62,78.62,86,100,3.94
2167426,Emerald,AU,-23.5333,148.1667,64.8,66.2,77,75,5.75
3839307,Rawson,AR,-43.3002,-65.1023,67.03,67.03,53,100,4.16
3391889,Pitimbu,BR,-7.4706,-34.8086,82.4,82.4,78,75,12.66
580584,Askarovo,RU,53.3372,58.5089,48.2,48.2,37,75,13.42
3413604,Eyrarbakki,IS,63.863,-21.1481,42.69,44.6,65,75,3.44
3395458,Maragogi,BR,-9.0122,-35.2225,83.46,83.46,69,65,13.29
6453316,Tromsø,NO,69.6496,18.957,32.52,33.01,93,90,9.22
5795906,Graham,US,47.0529,-122.2943,54.32,55.4,82,1,1.66
1649150,Bengkulu,ID,-3.8004,102.2655,76.91,76.91,89,94,3.74
1280037,Shache,CN,38.4167,77.2406,73.89,73.89,8,70,8.03
2208248,Kaitangata,NZ,-46.2817,169.8464,57.0,57.0,81,100,4.0
3662761,Porto Walter,BR,-8.2686,-72.7439,75.72,75.72,71,100,4.18
3355672,Lüderitz,NA,-26.6481,15.1594,65.44,65.44,51,0,29.1
2022317,Khor,RU,47.8861,134.9464,42.78,42.78,40,62,6.71
2132606,Samarai,PG,-10.6167,150.6667,79.3,79.3,78,65,6.46
5110365,Broome,US,42.2506,-75.833,59.86,61.0,94,90,4.61
5866583,Saint Paul Harbor,US,57.79,-152.4072,37.4,37.4,87,90,5.75
1785036,Zhangye,CN,38.9342,100.4517,62.24,62.24,21,18,5.5
655808,Joensuu,FI,62.6012,29.7632,41.0,41.0,36,0,10.36
1181065,Chitral,PK,35.8462,71.7858,63.03,63.03,47,30,2.8
2137773,Vao,NC,-22.6667,167.4833,72.77,72.77,67,25,15.9
712339,Bereznehuvate,UA,47.3078,32.8499,60.33,60.33,60,30,6.53
3144733,Nesbyen,NO,60.5681,9.1027,35.11,36.0,47,98,3.65
3421193,Paamiut,GL,61.994,-49.6678,37.42,37.42,81,20,3.2
6053446,Lewisporte,CA,49.2499,-55.0482,44.96,46.4,65,90,12.66
1510842,Barsovo,RU,61.1667,73.1667,41.0,41.0,100,40,11.18
1786676,Yima,CN,34.7381,111.8839,62.17,62.17,39,1,1.07
3894426,Coyhaique,CL,-45.5752,-72.0662,55.4,55.4,82,75,8.05
2264557,Ponta do Sol,PT,32.6667,-17.1,58.98,64.99,74,62,7.0
6096551,Pangnirtung,CA,66.1451,-65.7125,30.2,30.2,86,90,3.44
2068655,Katherine,AU,-14.4667,132.2667,71.6,71.6,83,40,5.75
3137469,Sørland,NO,67.667,12.6934,37.4,37.4,75,75,23.02
1633070,Palembang,ID,-2.9167,104.7458,75.25,75.25,93,100,3.6
3601402,Savannah Bight,HN,16.45,-85.85,85.59,86.0,62,0,19.35
137268,Sūsangerd,IR,31.5608,48.1831,95.0,95.0,13,0,6.91
2775636,Hollabrunn,AT,48.55,16.0833,61.61,63.0,80,79,1.99
4034438,Haapiti,PF,-17.5667,-149.8667,75.2,75.2,88,0,4.61
3412093,Vestmannaeyjar,IS,63.4427,-20.2734,42.8,42.8,87,90,5.75
1529484,Kumul,CN,42.8,93.45,74.64,74.64,14,11,6.69
5894033,Barraute,CA,48.4335,-77.6328,62.78,63.0,29,20,8.05
4726521,San Patricio,US,28.017,-97.5169,78.04,79.0,88,90,10.36
513898,Otradnoye,RU,59.7775,30.8181,44.51,46.0,33,20,6.71
1640902,Kawalu,ID,-7.3817,108.2082,73.26,73.26,92,100,1.12
2122783,Katangli,RU,51.7102,143.2326,29.77,29.77,87,100,7.45
608270,Shubarshi,KZ,48.5872,57.1869,52.05,52.05,45,79,7.72
1505187,Kaa-Khem,RU,51.6833,94.7333,48.67,48.67,49,98,4.97
3838583,Rosario,AR,-32.9468,-60.6393,71.35,73.0,52,0,12.66
1788852,Xining,CN,36.6167,101.7667,52.88,52.88,27,2,2.93
575521,Bogorodskoye,RU,56.55,37.8833,44.42,44.42,67,84,6.31
1803936,Wuwei,CN,37.9281,102.6414,61.32,61.32,22,30,10.56
2120047,Ust'-Omchug,RU,61.15,149.6333,15.6,15.6,98,77,2.28
4031742,Egvekinot,RU,66.3167,-179.1667,9.12,9.12,89,19,7.85
4221552,Savannah,US,32.0835,-81.0998,80.92,84.0,61,1,11.5
4845585,Westport,US,41.1415,-73.3579,56.59,60.01,94,90,6.91
3408368,Acaraú,BR,-2.8856,-40.12,83.91,83.91,71,100,10.76
2542997,Marrakesh,MA,31.6315,-8.0083,77.0,77.0,36,75,8.05
4465088,Elizabeth City,US,36.2946,-76.2511,78.96,81.0,61,1,17.27
1267390,Kavaratti,IN,10.5669,72.642,85.28,85.28,71,44,6.35
244878,Biltine,TD,14.5333,20.9167,101.19,101.19,6,6,11.3
4174715,Tallahassee,US,30.4383,-84.2807,81.41,82.99,65,40,9.22
5972291,Havre-St-Pierre,CA,50.2334,-63.5986,46.4,46.4,76,87,10.36
3359638,Walvis Bay,NA,-22.9575,14.5053,68.11,71.6,49,0,12.66
1523741,Esik,KZ,43.3552,77.4525,71.6,71.6,33,75,4.47
2460954,Araouane,ML,18.9048,-3.5265,108.66,108.66,8,5,5.64
3437920,Itakyry,PY,-24.9333,-55.2167,73.4,73.4,46,0,6.91
3517970,Pochutla,MX,15.7432,-96.4661,86.16,88.0,54,90,19.57
3443061,Chui,UY,-33.6971,-53.4616,69.91,69.91,46,0,4.38
2176639,Batemans Bay,AU,-35.7167,150.1833,51.91,55.99,96,4,1.99
3728097,Les Cayes,HT,18.2,-73.75,85.96,85.96,52,7,8.28
3932145,Pisco,PE,-13.7,-76.2167,66.38,69.01,94,75,9.22
2255304,Sémbé,CG,1.6481,14.5806,76.78,76.78,81,92,3.13
899825,Petauke,ZM,-14.2426,31.3253,69.03,69.03,84,79,3.83
2282006,San-Pédro,CI,4.7485,-6.6363,83.52,83.52,72,100,9.06
6185377,Yellowknife,CA,62.456,-114.3525,19.63,21.0,68,20,3.44
286245,Sur,OM,22.5667,59.5289,87.84,87.84,42,84,7.29
1688696,San Policarpo,PH,12.1791,125.5072,77.27,77.27,79,91,1.97
2025241,Churapcha,RU,62.0025,132.4325,29.01,29.01,98,100,4.32
783493,Burrel,AL,41.6103,20.0089,71.6,71.6,53,40,8.05
3393692,Itarema,BR,-2.9248,-39.9167,84.22,84.22,70,100,10.58
3937516,Juli,PE,-16.2167,-69.45,45.01,45.01,62,58,6.89
2980080,Saint-François,FR,46.4154,3.9054,53.24,55.0,66,100,5.75
3382160,Cayenne,GF,4.9333,-52.3333,78.33,78.8,83,90,2.3
3423146,Ilulissat,GL,69.2167,-51.1,39.2,39.2,48,75,4.61
1817990,Anqiu,CN,36.4342,119.1925,51.69,51.69,33,0,9.31
3407762,Amapá,BR,1.0,-52.0,89.15,89.15,47,39,3.62
6111862,Port Hardy,CA,50.6996,-127.4199,48.2,48.2,93,90,12.66
4031637,Lavrentiya,RU,65.5833,-171.0,17.69,17.69,86,100,4.94
1819729,Hong Kong,HK,22.2855,114.1577,72.64,75.99,81,93,4.59
1272864,Dhārchula,IN,29.85,80.5333,63.63,63.63,66,94,7.25
3576994,Cockburn Town,TC,21.4612,-71.1419,82.4,82.4,61,40,14.97
1259411,Ponnāni,IN,10.767,75.9252,84.2,84.2,79,40,7.72
934322,Mahébourg,MU,-20.4081,57.7,75.2,75.2,94,75,11.5
3448455,São Miguel do Araguaia,BR,-13.275,-50.1628,87.28,87.28,52,79,5.12
1626703,Soe,ID,-9.8607,124.284,65.25,65.25,95,45,3.6
2173125,Burnie,AU,-41.0667,145.9167,54.0,54.0,92,95,1.01
57000,Hobyo,SO,5.3505,48.5268,85.57,85.57,67,76,13.47
638936,Rovaniemi,FI,66.5,25.7167,35.6,35.6,44,0,9.22
2414079,Yomou,GN,7.5603,-9.2653,91.87,91.87,42,88,3.51
3670218,San Andrés,CO,12.5847,-81.7006,86.0,86.0,66,20,10.36
6089404,North Battleford,CA,52.7834,-108.2847,37.4,37.4,65,75,6.91
1272140,Dwārka,IN,22.2394,68.9678,82.85,82.85,75,100,11.21
933726,Hukuntsi,BW,-24.0,21.75,72.79,72.79,46,99,9.75
2181625,Te Anau,NZ,-45.4167,167.7167,51.03,51.03,95,100,5.79
4021858,Guerrero Negro,MX,27.9769,-114.0611,66.2,66.2,60,0,8.81
4944903,Nantucket,US,41.2835,-70.0995,50.02,51.8,93,20,4.61
6113406,Prince Rupert,CA,54.3161,-130.3201,49.46,50.0,87,90,16.11
5557293,Sitka,US,57.0531,-135.33,46.4,46.4,87,90,5.75
4738214,Tyler,US,32.3513,-95.3011,75.79,78.8,73,75,8.05
1529376,Korla,CN,41.7597,86.1469,73.58,73.58,15,0,3.18
1259385,Port Blair,IN,11.6667,92.75,81.23,81.23,75,44,1.07
2527087,Tiznit Province,MA,29.5833,-9.5,67.86,67.86,44,15,11.63
610864,Khani,GE,41.9563,42.9566,66.2,66.2,68,0,3.44
1735106,George Town,MY,5.4112,100.3354,78.53,80.01,94,40,4.61
2392087,Porto-Novo,BJ,6.4965,2.6036,87.8,87.8,74,40,8.05
2138555,Poum,NC,-20.2333,164.0167,75.06,75.06,62,41,15.66
3141982,Rena,NO,61.1348,11.3641,48.0,48.0,36,87,4.0
1521379,Lenger,KZ,42.183,69.8839,75.2,75.2,33,0,8.95
1500764,Lebyazh'ye,RU,55.2689,66.4947,47.44,47.44,47,64,10.0
3868210,Vilcún,CL,-38.65,-72.2333,51.8,51.8,100,90,2.3
5962442,Goderich,CA,43.7501,-81.7165,46.4,46.4,93,100,6.91
3623601,Guácimo,CR,10.2104,-83.6807,71.78,73.4,73,75,6.91
2729907,Longyearbyen,SJ,78.2186,15.6401,23.0,23.0,54,40,12.66
5282297,Bethel,US,41.3712,-73.414,63.73,66.2,82,90,4.5
1490036,Tashtyp,RU,52.7939,89.8983,48.13,48.13,85,97,1.72
1488167,Ust'-Koksa,RU,50.2696,85.6108,55.89,55.89,70,100,2.8
2318123,Yenagoa,NG,4.9247,6.2642,89.15,89.15,57,98,3.29
933995,Souillac,MU,-20.5167,57.5167,75.2,75.2,94,75,11.5
3628423,San Felipe,VE,10.3399,-68.7425,70.57,70.57,97,100,2.42
2120769,Talaya,RU,61.3833,152.75,21.72,21.72,97,98,2.8
3526601,Jalpan,MX,21.2333,-99.4833,96.26,96.26,20,8,4.5
174448,Abu Kamal,SY,34.4506,40.9171,89.56,89.56,14,2,9.28
1711635,Hingatungan,PH,10.584,125.1852,80.08,80.08,81,72,5.61
361058,Alexandria,EG,31.2156,29.9553,86.0,86.0,23,0,9.22
5783695,Tooele,US,40.5308,-112.2983,57.09,59.0,47,1,3.44
475955,Velizh,RU,55.6056,31.1967,48.67,48.67,69,100,4.32
1853483,Oyama,JP,36.3,139.8,65.1,66.0,88,75,20.71
2067119,Mandurah,AU,-32.55,115.7,64.0,64.0,78,100,10.0
2299625,Kintampo,GH,8.0563,-1.7306,94.5,94.5,38,55,5.37
552951,Karabulak,RU,43.3036,44.8964,62.6,62.6,63,75,8.95
110690,Faya,SA,18.3851,42.4509,63.5,64.4,68,75,17.27
2174444,Bowen,AU,-20.0167,148.2333,66.2,66.2,94,75,8.05
3991347,Puerto Peñasco,MX,31.3167,-113.5333,69.62,71.01,45,1,6.17
3385077,Conde,BR,-7.2597,-34.9075,82.4,82.4,78,75,12.66
6355222,Yulara,AU,-25.2406,130.9889,59.0,59.0,36,54,5.75
3148133,Larsnes,NO,62.2028,5.5773,45.93,48.2,57,20,16.11
103630,Najrān,SA,17.4924,44.1277,77.0,77.0,50,75,13.8
3372745,Rabo de Peixe,PT,37.8,-25.5833,62.6,62.6,63,40,14.97
1021360,Ballitoville,ZA,-29.539,31.2144,73.22,73.4,83,75,12.66
7731836,Saint-Léonard,CA,47.173,-67.9247,57.67,57.99,47,33,1.99
2172517,Canberra,AU,-35.2835,149.1281,44.82,46.99,100,0,4.61
160961,Bukoba,TZ,-1.3317,31.8122,69.87,69.87,82,77,3.89
204953,Tshikapa,CD,-6.4167,20.8,82.26,82.26,73,93,2.86
2184927,Parakai,NZ,-36.65,174.4333,55.0,55.0,92,19,1.99
2093846,Kiunga,PG,-6.1219,141.2906,72.19,72.19,98,97,0.49
3356832,Henties Bay,NA,-22.116,14.2845,64.0,64.0,79,12,11.01
3625710,Upata,VE,8.0086,-62.3989,84.99,84.99,65,99,5.99
3421719,Narsaq,GL,60.9167,-46.05,39.2,39.2,75,75,5.75
1643837,Gorontalo,ID,0.5412,123.0595,75.88,75.88,93,100,2.35
2396518,Port-Gentil,GA,-0.7193,8.7815,86.0,86.0,70,40,3.44
516539,Nyuksenitsa,RU,60.4128,44.2397,37.4,37.4,62,96,5.79
2035610,Nehe,CN,48.4833,124.8333,40.89,40.89,83,100,8.28
1630639,Pringsewu,ID,-5.3582,104.9744,74.19,74.19,97,87,3.0
1185095,Teknāf,BD,20.8624,92.3058,79.23,79.23,83,0,1.41
49747,Oddur,SO,4.1213,43.8894,82.26,82.26,58,100,5.86
915883,Kafue,ZM,-15.7691,28.1814,82.4,82.4,47,0,6.91
2123814,Leningradskiy,RU,69.3833,178.4167,14.29,14.29,91,93,4.74
5354943,Half Moon Bay,US,37.4636,-122.4286,58.73,62.01,67,40,4.21
6173864,Vernon,CA,50.2581,-119.2691,50.74,51.8,93,100,6.91
2221030,Yagoua,CM,10.3411,15.2329,103.23,103.23,15,71,2.26
1862505,Hirara,JP,24.8,125.2833,69.13,69.13,79,100,3.33
1254046,Tura,IN,25.5198,90.2201,81.09,81.09,31,38,3.33
3354178,Ongandjera,NA,-17.8833,15.0667,86.76,86.76,24,7,2.95
471308,Voyvozh,RU,62.892,54.9635,32.83,32.83,74,100,8.41
1856703,Miyazu,JP,35.5333,135.1833,49.17,49.17,93,6,5.44
4193699,Evans,US,33.5337,-82.1307,79.48,81.0,57,1,6.91
5969025,Haines Junction,CA,60.7522,-137.5108,28.4,28.4,80,97,2.35
2121025,Srednekolymsk,RU,67.45,153.6833,23.58,23.58,93,63,4.79
2246901,Oussouye,SN,12.485,-16.5469,89.46,98.6,61,0,11.5
2128206,Shibetsu,JP,43.659,145.132,40.6,40.6,92,100,7.92
5525042,Levelland,US,33.5873,-102.378,55.18,55.4,76,90,20.71
2638534,Sandwick,GB,60.0,-1.25,46.4,46.4,61,40,19.57
157738,Kigoma,TZ,-4.8769,29.6267,75.85,75.85,76,92,7.29
2206874,Waipawa,NZ,-41.4122,175.5153,53.17,53.6,87,20,9.22
2158767,Mareeba,AU,-17.0,145.4333,66.6,69.8,83,90,10.36
2014836,Tupik,RU,54.4253,119.9327,29.61,29.61,95,100,6.58
189741,Lamu,KE,-2.2717,40.902,81.34,81.34,77,81,10.2
1028434,Quelimane,MZ,-17.8786,36.8883,82.18,82.4,78,20,8.05
3466165,Cidreira,BR,-30.1811,-50.2056,70.68,70.68,53,0,4.72
2987913,Arrondissement de Perpignan,FR,42.75,2.75,61.39,62.01,67,90,6.91
2386042,Kabo,CF,7.6994,18.629,93.07,93.07,33,100,5.19
1906686,Udon Thani,TH,17.3333,102.8333,77.0,77.0,88,98,1.77
4231997,Avera,US,33.194,-82.5271,78.87,79.0,65,1,10.36
915285,Kalengwa,ZM,-13.4659,25.0027,72.97,72.97,66,93,2.37
53654,Mogadishu,SO,2.0371,45.3438,83.73,83.73,75,95,12.41
2707684,Härnösand,SE,62.6323,17.9379,44.6,46.4,31,90,10.36
259718,Glossa,GR,35.4717,23.7763,76.69,84.2,39,40,6.91
3663529,Manacapuru,BR,-3.2997,-60.6206,86.0,86.0,74,40,3.44
3860443,Comodoro Rivadavia,AR,-45.8667,-67.5,64.4,64.4,55,0,11.5
2179825,Waitati,NZ,-45.75,170.5667,53.01,53.01,87,100,4.21
3671450,Inírida,CO,3.8653,-67.9239,77.25,77.25,93,98,1.66
305810,Kula,TR,38.5473,28.6498,73.67,73.67,36,65,8.19
2153778,Parkes,AU,-33.1333,148.1833,59.0,59.0,60,0,5.26
2236568,Uíge,AO,-7.6087,15.0613,75.2,75.2,73,90,16.11
1850345,Toba,JP,34.4833,136.85,57.99,57.99,88,88,3.0
1629001,Samarinda,ID,-0.5,117.15,73.92,73.92,97,100,1.07
5864145,Homer,US,59.6425,-151.5483,39.22,41.0,87,75,3.42
1806408,Yangjiang,CN,21.85,111.9667,73.74,73.74,80,100,3.06
2038087,Chengde,CN,40.9725,117.9361,42.17,42.17,20,12,1.34
1863978,Nishifukuma,JP,33.7667,130.4667,59.34,60.01,82,5,13.8
4004293,Ixtapa,MX,20.7,-105.2,78.8,78.8,69,40,4.9
2185763,Okato,NZ,-39.2,173.8833,50.0,50.0,96,61,9.4
1278935,Amalāpuram,IN,16.5833,82.0167,84.2,84.2,65,40,17.27
2119283,Zyryanka,RU,65.75,150.85,27.79,27.79,88,100,2.46
1226260,Trincomalee,LK,8.5711,81.2335,84.51,84.51,70,66,2.57
2396853,Omboué,GA,-1.5746,9.2618,83.5,83.5,72,43,7.2
4149959,Cape Canaveral,US,28.4058,-80.6048,82.54,84.0,61,40,17.27
5859699,College,US,64.8569,-147.8028,35.56,37.99,75,75,1.83
5551535,Apache Junction,US,33.4151,-111.5496,71.2,73.99,52,1,3.44
2092164,Lorengau,PG,-2.0226,147.2712,80.42,80.42,79,62,4.47
2611738,Thyborøn,DK,56.6985,8.2124,52.47,54.0,62,74,14.0
2030065,Mandalgovi,MN,45.7625,106.2708,36.97,36.97,67,73,30.62
2057087,Kupang,ID,-10.1667,123.5833,77.22,77.22,88,60,6.22
3386931,Tamandaré,BR,-8.7597,-35.1047,83.17,83.17,72,48,13.2
1513491,Yangi Marg`ilon,UZ,40.4272,71.7189,78.8,78.8,34,2,4.61
2033602,Xiuyan,CN,40.2928,123.2744,45.16,45.16,84,85,6.24
2992770,Arrondissement de Mont-de-Marsan,FR,44.0,-0.6667,56.43,57.99,62,90,0.81
6095751,Oxbow,CA,49.2333,-102.1676,50.0,50.0,55,58,17.0
5367788,Lompoc,US,34.6391,-120.4579,58.48,71.01,76,0,5.75
3694112,Paita,PE,-5.0892,-81.1144,80.6,80.6,54,0,20.71
1293960,Taunggyi,MM,20.7833,97.0333,68.5,68.5,70,50,0.96
2618795,Klaksvík,FO,62.2266,-6.589,41.0,41.0,56,75,11.5
6149996,Smithers,CA,54.7804,-127.1743,44.6,44.6,93,75,4.61
4763231,Harrisonburg,US,38.4496,-78.8689,75.36,77.0,64,1,10.36
5861897,Fairbanks,US,64.8378,-147.7164,35.24,37.99,74,75,3.44
2701680,Karlstad,SE,59.3793,13.5036,48.2,48.2,46,40,9.22
921786,Mitsamiouli,KM,-11.3847,43.2844,81.9,81.9,75,45,2.53
3420768,Qasigiannguit,GL,68.8193,-51.1922,39.2,39.2,48,75,4.61
2025256,Chumikan,RU,54.7183,135.315,24.67,24.67,90,98,3.85
3927942,Tambopata,PE,-12.7333,-69.1833,77.0,77.0,61,0,6.91
2020824,Lermontovka,RU,47.1453,134.3383,42.91,42.91,48,35,3.13
2634739,Warrington,GB,53.3925,-2.5802,47.46,51.8,58,75,12.66
246008,Petra,JO,30.3222,35.4793,78.42,78.42,13,0,6.58
3448903,São João da Barra,BR,-21.6403,-41.0511,71.6,71.6,83,75,16.11
934479,Grand Gaube,MU,-20.0064,57.6608,77.0,77.0,84,38,8.01
5919850,Chapais,CA,49.7834,-74.8492,51.8,51.8,43,1,6.91
1489499,Togur,RU,58.3631,82.8265,48.47,48.47,85,100,14.12
1488206,Ust'-Ishim,RU,57.6935,71.1665,44.67,44.67,61,19,8.25
2449893,Tessalit,ML,20.1986,1.0114,107.69,107.69,5,42,8.34
6167817,Torbay,CA,47.6666,-52.7314,50.0,50.0,53,75,10.36
245669,Adré,TD,13.4667,22.2,97.16,97.16,9,37,0.18
3466980,Caravelas,BR,-17.7125,-39.2481,80.64,80.64,66,19,10.74
1250161,Batticaloa,LK,7.7102,81.6924,81.84,81.84,79,98,7.02
5044290,Saint Anthony,US,45.0205,-93.218,62.11,63.0,51,1,10.36
2077895,Alice Springs,AU,-23.7,133.8833,48.2,48.2,57,71,3.44
609906,Fort-Shevchenko,KZ,44.5086,50.263,57.79,57.79,68,18,19.77
8079926,Labuhan,ID,-6.8844,112.2051,79.27,79.27,84,93,6.04
2122605,Okhotsk,RU,59.3833,143.3,31.03,31.03,88,13,0.38
3376762,New Amsterdam,GY,6.25,-57.5167,79.16,79.16,81,50,5.88
5364271,Laguna,US,38.421,-121.4238,65.7,68.0,34,1,3.44
3445912,Turmalina,BR,-17.2856,-42.73,74.39,74.39,75,88,4.21
6201197,Muhafazat Lahij,YE,13.1667,44.5833,82.96,82.96,58,46,10.85
2120612,Tigil',RU,57.8,158.6667,31.48,31.48,98,94,3.2
2231564,Fontem,CM,5.4685,9.8818,71.15,71.15,82,100,3.38
2361477,Dédougou,BF,12.4667,-3.4667,107.33,107.33,13,21,10.58
2381972,Adrar,MR,20.5022,-10.0711,100.26,100.26,11,51,8.03
186180,Moyale,KE,3.5167,39.0584,69.76,69.76,82,91,5.17
3567834,Baracoa,CU,20.3467,-74.4958,82.54,82.54,64,46,11.97
1803567,Linfen,CN,36.0889,111.5189,63.59,63.59,23,19,3.47
3401109,Delmiro Gouveia,BR,-9.3886,-37.9992,82.4,82.4,69,75,9.22
3671387,Puerto Nariño,CO,-3.7703,-70.3831,77.0,77.0,94,75,2.3
3386568,Tauá,BR,-5.9667,-40.3,89.6,89.6,44,87,10.09
2488835,Médéa,DZ,36.2642,2.7539,73.4,73.4,46,75,12.66
3699456,Bambamarca,PE,-6.6833,-78.5333,66.2,66.2,55,40,3.44
4034496,Fare,PF,-16.7,-151.0167,81.0,81.0,72,64,6.87
2124611,Kholodnyy,RU,62.7167,147.95,24.1,24.1,97,95,2.8
3420846,Qaqortoq,GL,60.7167,-46.0333,39.2,39.2,75,75,5.75
1529651,Altay,CN,47.8667,88.1167,58.78,58.78,43,42,7.94
2126682,Bilibino,RU,68.0546,166.4372,18.39,18.39,97,100,5.97
1168312,Pasni,PK,25.2631,63.471,83.19,83.19,77,100,13.53
5147097,Berea,US,41.3662,-81.8543,55.62,57.99,94,90,6.91
6087892,Niagara Falls,CA,43.1001,-79.0663,49.37,51.01,93,90,5.75
161974,Bereket,TM,39.2446,55.5154,69.31,69.31,50,77,16.42
6145890,Shelburne,CA,44.0787,-80.2041,46.47,48.0,100,100,5.28
5097801,Fairview,US,40.8126,-73.999,69.85,72.0,64,90,3.44
2239862,Malanje,AO,-9.5402,16.341,71.4,71.4,85,86,3.11
3347019,Mossamedes,AO,-15.1961,12.1522,77.72,77.72,68,48,14.45
2510573,Teguise,ES,29.0605,-13.564,69.8,69.8,68,75,6.91
1715335,Davila,PH,18.4726,120.5763,78.8,78.8,83,20,4.61
3445983,Tucano,BR,-10.9631,-38.7867,84.69,84.69,57,76,10.78
1812988,Dengzhou,CN,37.8086,120.7508,47.79,47.79,83,0,12.91
1705441,Lubao,PH,14.9167,120.55,81.5,82.4,78,75,2.3
1259460,Pokaran,IN,26.9167,71.9167,87.8,87.8,27,61,12.93
5079250,South Sioux City,US,42.4739,-96.4136,60.64,61.0,55,1,10.36
738662,Tosya,TR,41.0155,34.0401,69.64,69.64,50,39,4.59
2412408,Nioro,GM,13.35,-15.75,104.63,104.63,11,36,6.71
3388304,São Miguel,BR,-5.4667,-35.3667,86.0,86.0,66,40,10.36
5416005,Cañon City,US,38.441,-105.2424,60.6,62.01,31,1,8.05
4791259,Virginia Beach,US,36.8529,-75.978,79.09,80.01,57,75,17.27
1489656,Teya,RU,60.3778,92.6267,35.64,35.64,99,100,2.86
1283334,Birin,NP,26.8865,88.0718,65.77,65.77,44,33,6.44
2381334,Atar,MR,20.5169,-13.0499,97.99,97.99,15,5,13.15
2521510,Aspe,ES,38.3451,-0.7672,70.54,72.0,49,20,10.36
2173911,Broken Hill,AU,-31.95,141.4333,57.2,57.2,38,0,3.44
314188,Göksun,TR,38.021,36.4973,82.4,82.4,34,40,12.66
1215502,Banda Aceh,ID,5.5577,95.3222,81.45,81.45,76,100,1.54
779622,Havøysund,NO,70.9963,24.6622,30.24,32.0,86,75,18.41
4255151,Bud,US,39.447,-86.1758,62.98,64.0,98,100,11.05
1067565,Beloha,MG,-25.1667,45.05,75.74,75.74,69,1,10.29
1636022,Martapura,ID,-3.4167,114.85,77.0,77.0,100,90,1.14
2297834,Mpraeso,GH,6.5932,-0.7346,86.95,86.95,49,100,5.66
3693584,Pimentel,PE,-6.8367,-79.9342,70.84,75.2,60,0,8.05
847634,Rypefjord,NO,70.6333,23.6667,28.4,28.4,80,75,16.11
1804979,Juegang,CN,32.3174,121.1855,58.5,58.5,76,21,1.72
